{"connections": [1, 2, 3, 4, 5, 10, 25, 50, 100, 200, 500, 1000], "results": {"Axum": [5365.2880000000005, 8813.792000000001, 12243.189999999999, 15333.544, 18297.690000000002, 23149.832000000002, 41166.810000000005, 51254.138, 68867.37, 82755.83200000001, 106314.226, 117873.13600000001], "Rocket": [5061.302000000001, 8677.838, 12118.564, 14788.509999999998, 15892.326000000001, 21298.026, 38269.837999999996, 55066.284, 66227.77, 50425.306, 120001.26800000001, 105152.058], "Actix": [5535.388000000001, 9981.068000000001, 13257.866, 15845.594000000001, 17848.376, 22436.82, 41079.348, 55812.64599999999, 54952.304000000004, 103663.18600000002, 116893.53, 126666.16999999998], "FastAPI": [2361.294, 4915.976, 6820.158, 7821.839999999999, 9463.762, 12475.412, 18587.739999999998, 19555.989999999998, 19873.041999999998, 20817.352000000003, 21431.484, 19952.988], "Django DRF": [1058.984, 1965.5279999999998, 2747.43, 3341.454, 3840.708, 5139.848, 6083.014, 6022.611999999999, 6049.036, 6105.088, 6017.154, 5968.082], "Django Ninja": [745.0600000000001, 1453.276, 1953.3939999999998, 2464.6, 2802.1220000000003, 3572.822, 3596.858, 3598.778, 3622.4120000000003, 3581.744, 3576.754, 3514.8379999999997]}}